A1,A2,A3,A4,A5,A6,A7,A8,y
?,3.683393747,?,-0.634417312,1,0.409611744,7,30,5
?,?,60,1.573617763,0,0.639813727,7,30,5
?,3.096229013,67,0.249917163,0,0.089343498,?,80,3
2.887677333,3.870994828,68,-1.347755064,?,1.276985638,?,60,5
2.731273335,3.945024383,79,1.967319655,1,2.487831092,?,100,4
0.864607026,?,61,?,0,-1.262564854,7,40,4
?,3.3197865,58,-1.48179511,0,-1.470690145,?,0,1
?,3.628114751,60,1.487310331,0,?,7,30,5
1.102135675,3.386358445,?,1.644159302,0,?,7,25,4
1.250054691,4.363551457,66,2.327633525,?,-1.530728697,7,?,4
2.469449847,3.515496852,61,?,1,-1.520523468,7,?,5
-0.617381819,?,?,-1.405582299,0,-1.370742329,6,0,1
3.877341319,?,44,-1.277642194,1,2.190857607,?,40,6
2.579053025,3.344227331,57,?,0,2.424850174,7,60,5
?,3.44332804,58,?,0,-1.375833866,6,0,1
2.683298368,3.620338977,?,-1.472314041,0,1.604422232,9,95,4
0.439509023,3.696493777,65,?,?,-0.829355803,7,70,3
3.041452803,3.881585604,?,-1.38678684,?,1.964881095,7,20,4
0.88156624,3.487870082,58,1.556990738,?,-1.471551727,6,0,2
-0.65590453,3.402545586,59,?,0,-1.48254547,?,0,3
?,4.111398248,65,2.05404237,0,-0.837344549,6,?,3
0.433799782,4.609466138,73,2.403944226,?,-1.363611002,6,?,4
1.275373505,3.449578641,66,1.76126632,?,?,7,20,4
1.424730451,?,67,-1.171420929,0,-1.378008081,?,5,2
?,3.674842997,49,?,0,-1.401972111,6,0,4
?,3.843475764,68,-1.292933737,1,1.342485749,7,?,5
2.445769666,3.380730389,65,-1.429768294,0,1.807282393,?,0,3
3.852910449,3.730616158,44,?,1,2.200176903,?,40,6
-0.436920412,?,?,-0.834815982,0,-1.497967181,6,0,3
-1.135199773,3.236142571,?,-1.385783756,?,-1.269432138,6,0,1
1.001594903,3.731446101,61,1.324922406,?,-1.598355401,7,?,4
?,3.770390177,62,1.403854927,0,-0.521375877,6,?,3
1.676624703,3.505529622,61,?,?,-1.449366938,7,15,4
1.217638455,4.30692967,66,2.088218899,?,-1.415019741,7,?,4
1.417296238,?,?,-1.613640481,0,-1.574227708,6,0,2
3.049728101,3.869360029,69,?,1,1.970154775,7,20,4
3.2473774,3.247963345,?,-1.200393873,1,?,7,60,5
3.845520572,3.823155591,44,-1.594237625,?,?,7,40,6
1.20262868,3.078475779,71,?,0,-1.509301693,6,?,3
?,3.632667389,76,?,1,0.678846031,7,75,5
1.367362603,?,66,?,0,-1.346956349,6,0,2
3.090822479,3.827310894,?,-1.224119848,1,2.067890345,7,?,4
2.718467764,3.811406964,77,?,1,?,7,30,5
2.9546604,?,?,-1.364197339,1,1.807357409,7,20,4
1.021311779,4.761934647,72,2.36520016,0,-0.745108707,?,?,4
0.122709891,3.851297846,?,1.633910456,?,-1.331147,6,0,3
3.223789337,?,68,?,0,-1.392497249,6,0,5
?,3.820977193,68,1.897922908,?,1.376262529,7,70,4
1.674839785,?,61,0.707498549,0,-1.44509528,?,15,4
?,3.445510829,70,1.230208148,0,?,7,30,2
1.82022623,3.467645676,60,-1.226129335,1,?,?,60,4
1.497731177,3.066358412,66,?,?,-1.395811795,6,0,2
3.024470532,3.867160757,69,-1.338210114,?,1.98761942,7,?,4
1.289715852,?,73,-0.559135696,0,1.685086989,8,15,3
0.432049276,?,65,-1.631003368,?,-0.825106973,7,70,3
?,2.982196119,66,-1.281822796,0,?,6,0,2
-0.44948616,?,?,1.341311706,0,-0.557382483,7,30,2
?,3.393179564,59,-1.365594861,?,-1.472056812,6,0,3
0.641378086,3.822206993,65,-1.457290863,0,-0.932905976,?,70,3
2.755328444,4.347810852,68,1.40953212,1,1.805074733,?,?,3
?,3.219193147,68,0.045821308,1,2.429858211,7,?,4
?,3.879911424,61,1.432672263,0,?,7,40,4
-1.312802851,3.365188637,?,-1.389319556,0,-1.472603526,6,0,1
3.237657668,3.581506142,64,-1.466354703,1,2.208474838,?,60,5
?,3.767999044,60,?,0,0.731297017,7,30,5
-0.901714373,3.325423303,58,-1.141167376,?,-1.453215609,6,0,1
1.487781316,3.578523929,?,0.864898205,?,0.68421301,7,75,5
1.642527784,3.877252227,?,1.722161783,0,1.010439833,?,30,5
-0.606624412,2.778112761,?,-1.533823045,0,-1.356998394,6,?,1
?,3.840093712,?,1.752568353,0,1.358448431,7,70,4
2.65219843,?,72,-1.324430718,?,1.4160248,9,95,4
1.550693885,3.353960987,?,0.432415777,?,0.088640223,7,40,5
3.156837451,3.92317619,69,-1.466937686,1,?,7,?,4
0.258734902,4.142011563,65,2.112161024,?,?,6,0,3
2.48411831,4.251823139,78,2.176258395,0,-1.517974892,?,?,4
?,2.859047021,50,-1.403740573,?,-1.282381815,6,0,1
0.982671849,3.981558118,?,?,0,-1.060788419,7,40,4
0.410618734,3.598857027,?,-1.490791948,0,-1.287889583,?,0,2
-1.125790873,3.110188628,58,?,0,-1.254233918,?,0,1
1.342991141,4.287578736,66,?,0,-1.408327161,7,15,4
1.363969199,4.325376066,66,2.082910879,0,-1.370928812,?,?,4
2.984748819,4.593718042,65,-1.441262768,?,2.466998671,?,60,5
1.907398442,3.473065016,60,-1.299648387,1,?,?,60,4
1.833183823,4.034719717,68,?,?,1.469749883,7,70,4
-0.619930092,2.682245902,?,-1.348335136,0,-1.42450889,7,?,1
-0.717424804,2.624260664,50,?,0,-1.551004744,?,0,1
?,3.851097825,44,-1.376661846,1,2.25644971,7,40,6
1.138912678,4.912296298,72,?,?,-0.829634741,7,5,4
1.662871854,?,62,-1.380719143,1,0.331021786,7,30,5
2.541956494,4.169103117,68,1.437119289,1,1.852554271,?,?,3
0.662994507,?,?,1.620057803,0,-1.371576723,6,0,2
2.559501493,3.724929536,69,-1.41705652,1,?,?,70,4
3.301850207,4.011280052,68,?,0,?,6,0,5
?,4.338897153,72,2.056756781,0,0.479613639,7,?,4
2.686626217,?,72,?,0,1.535461157,9,95,4
3.318523164,4.282006997,68,-1.347295956,?,?,6,0,5
1.480972604,3.056572804,66,0.38188773,0,0.260449292,?,?,5
?,3.295961644,50,-1.34538097,?,-1.345543971,6,0,2
0.205139853,?,65,?,0,-1.317281356,6,0,2
1.433187849,3.902885394,?,?,0,1.649499736,8,15,3
?,3.248055801,58,-1.324329798,0,?,6,0,1
1.637662185,2.974263988,63,-1.385257708,?,?,7,30,2
3.266713116,4.088965366,?,?,0,-1.436821793,6,0,5
0.165128499,3.339870114,?,?,0,-0.780170613,6,0,3
2.868227166,?,65,-1.453423519,?,2.355009962,7,60,5
2.67867227,4.022385662,?,1.78822226,?,2.745714378,9,100,4
1.220912457,4.729890292,72,2.269069763,?,?,7,5,4
1.462997917,3.737607701,76,?,1,0.891791728,?,75,5
1.660055346,2.898628779,63,?,0,-0.465785696,7,?,2
2.569850492,3.61372469,61,1.135612226,1,-1.59781679,7,?,5
2.593428245,4.060696537,?,1.37015221,1,2.060208071,?,35,3
-1.264977987,?,50,-1.283609793,0,-1.380919218,6,?,2
?,?,61,0.83873965,0,-1.483487344,7,15,4
0.270063953,3.452220686,65,-1.540853343,?,-1.454855151,6,?,2
-0.604034417,3.304948248,41,?,?,-1.374427426,6,0,3
?,3.192761615,50,-1.080126177,0,?,6,0,2
2.484370316,4.160458669,?,1.294209044,1,1.876680663,7,35,3
-0.72688589,3.575903651,?,-0.843546321,0,-1.109934458,?,0,3
2.53693196,3.644528649,?,1.321819662,?,-1.330646763,7,15,5
0.580256739,3.853071075,65,-1.599154048,0,?,7,?,3
-0.83604881,?,50,-1.54630755,0,?,6,0,2
?,3.612934571,65,-1.612264735,0,?,7,70,3
0.350476746,3.73217715,65,?,0,-1.357976051,6,?,2
?,2.798390748,50,-1.376796822,0,?,6,0,1
1.274908894,3.080950045,71,1.33191279,0,?,?,0,3
1.276190882,4.60073436,72,2.221881734,?,-0.865120179,?,5,4
?,3.035681321,71,1.12653298,0,?,6,0,3
3.296123884,?,68,-1.458554921,0,-1.279229146,6,0,5
?,3.513188131,?,1.101304372,0,-0.528955874,7,30,2
1.081421825,?,61,1.156357794,0,-1.36433679,7,?,4
-0.654145754,?,74,-1.395830575,0,-1.356432826,7,?,1
?,3.720763664,61,1.458872564,0,-1.361681573,7,40,4
?,4.260947689,68,-1.14863029,0,-1.368058933,6,?,5
1.94848274,3.898828714,?,1.848284205,?,1.300149189,7,70,4
0.733573403,3.476577598,62,-1.313458738,0,-1.280910772,6,?,1
1.543983324,3.718510616,?,0.946949664,1,0.984206565,7,?,5
0.139695949,3.886694035,70,1.821142654,0,?,6,0,3
2.571925401,3.600171734,?,1.317945123,1,-1.274952122,?,15,5
1.625118206,2.871592901,63,?,?,-0.648203329,7,30,2
1.395773774,3.277799004,66,?,0,-0.522106213,7,?,4
2.0998785,3.92665062,72,2.262294997,?,-0.465838176,?,10,4
3.276463805,4.12999147,68,-1.471926063,?,-1.258064225,6,?,5
2.035605665,?,60,-1.383168538,1,1.254308251,7,?,4
1.483422524,3.64546296,?,?,0,0.943651419,7,30,5
?,?,50,-1.322015502,0,-1.408440794,6,0,2
?,3.919390011,?,1.709400926,0,-0.504434674,6,0,3
0.724587904,3.528552075,58,1.553880632,0,?,6,?,2
?,3.195160677,77,1.773599208,0,-1.569095023,7,25,4
?,4.136667125,66,2.038518024,0,-1.520171157,7,15,4
1.406215691,3.505428616,66,1.709756823,0,-0.43397496,?,20,4
2.699446656,4.126830554,68,1.450616416,?,?,7,35,3
1.012279261,3.754878461,?,1.256661348,0,-1.470863071,?,40,4
2.002799632,4.585191859,72,2.240087209,0,0.539078171,?,60,4
1.598948853,?,63,-1.409701219,0,?,7,30,2
0.781456028,3.24205496,60,-1.347828298,0,?,9,?,3
3.036469379,4.08510901,69,?,?,1.893484691,7,20,4
-1.156561917,3.333943535,58,?,0,-1.171697983,6,?,1
0.991868083,3.09514567,?,0.308637581,?,0.14651909,7,80,3
?,3.344305872,59,-0.858389325,0,-1.417230198,?,0,3
0.02083695,3.321422662,?,-1.487836093,?,-0.91898746,6,0,3
?,?,66,-1.291511626,0,-1.390068153,6,0,2
3.273128622,4.095162435,68,?,?,-1.315605857,6,0,5
-0.891223678,3.118977756,?,-1.375123188,?,-1.300049867,6,0,2
1.175612226,3.426536175,59,-1.490920864,0,?,6,0,3
1.53492702,?,66,0.680191179,0,?,7,40,5
0.843723478,3.493114467,62,-1.39031473,0,?,6,?,1
1.635380358,3.019217449,63,-1.412984293,0,-0.690163772,?,?,2
-0.880506602,?,50,-1.434179434,0,-1.285757043,6,?,2
?,3.489416314,58,1.526446314,?,-1.356763287,6,0,2
0.183437678,3.750775789,70,?,0,?,6,0,3
?,2.983346471,?,-1.494163235,0,-0.710895945,7,30,2
0.470604461,?,73,2.298059643,0,-1.141170032,?,0,4
-0.88034311,3.384485973,?,-1.347621684,0,-1.402901492,?,0,2
2.011161148,3.879158177,68,1.887483882,0,1.274922322,?,70,4
2.772074562,3.747368118,?,1.563476278,1,?,7,15,5
1.78848808,3.387807125,?,-1.417861927,?,0.458004865,7,30,5
-0.816633682,?,?,-1.281262584,0,-1.415714678,6,0,1
?,?,61,0.452529313,0,-1.3683098,7,15,4
-0.587240547,3.455119714,41,-1.349117017,0,?,6,?,3
1.400504692,?,66,0.643136179,0,?,7,40,5
0.56923924,?,49,1.40664861,0,-1.412002881,6,0,4
?,4.190022524,?,2.115692624,0,-1.376072218,7,15,4
?,2.990296773,66,?,0,0.22058904,7,40,5
-0.354241666,2.508385366,74,-1.380204436,0,?,7,?,1
2.771478683,3.484274199,72,?,0,1.624075724,9,?,4
3.839328326,3.816001408,44,-1.57211986,1,2.227613788,7,?,6
-0.932823968,?,58,-1.281459973,0,-1.358793925,?,0,1
?,3.659400639,65,-1.503993461,0,?,7,70,3
2.046638457,4.378243015,72,2.041375513,0,?,?,60,4
1.737182033,3.47142921,61,0.556034456,?,-1.462678802,7,?,4
?,3.62755546,69,?,1,2.723752996,7,70,4
1.372607848,?,66,-1.462824678,0,-1.262172098,6,0,2
1.829417743,3.304913995,?,?,0,1.353960128,7,60,3
1.385138433,?,66,?,0,-1.441671218,6,0,2
0.424831002,4.431800833,73,2.294487831,0,?,6,?,4
?,3.891117525,62,1.789018857,0,-0.399151711,6,0,3
?,?,66,-1.430311937,0,-1.486960831,6,0,2
1.383134714,4.351394775,66,2.100240261,?,-1.393533834,7,?,4
1.03128352,?,68,-1.343829955,0,-1.419114204,7,?,4
1.4949413,?,71,1.169652134,?,-1.304764805,6,0,3
0.206454582,3.49704305,65,-1.32877888,0,?,6,?,2
?,3.750247749,60,?,1,1.343118173,7,60,4
?,3.572683842,60,-1.468813782,1,?,7,60,4
?,2.705963318,74,-1.48918301,0,?,7,20,1
1.388817928,4.666596262,?,?,0,-0.772023017,7,5,4
1.018395547,3.21151018,?,-1.459875935,0,-1.30761738,6,?,3
?,3.61213046,?,1.398640401,0,-0.730672064,7,30,2
1.051750551,3.128067888,?,0.255696834,?,0.118123699,7,80,3
?,3.13174886,66,?,0,-1.48?61770741,6,0,2
2.108341756,3.674409671,?,-1.487688877,1,1.255455103,?,60,4
1.553890234,?,63,-1.41494611,0,-0.59155689,7,30,2
?,3.434853011,64,-1.30982767,1,2.4312865,7,60,5
0.086830572,3.658247651,?,1.800433589,?,-1.348768004,6,0,3
-1.198662582,?,50,-1.416797901,0,-1.348277457,6,0,2
?,?,62,1.536572406,0,-0.576188034,6,0,3
1.598368658,3.815140372,?,?,1,0.840969087,7,75,5
-0.311911672,?,69,-1.414561446,0,-1.305145013,?,0,4
0.184632462,4.559080721,73,2.155857587,0,-1.301001222,?,0,4
2.124277174,3.898225534,72,2.181386741,?,?,7,10,4
1.745086169,3.511390709,61,?,0,?,7,15,4
1.305246018,3.146372131,71,1.172911122,0,-1.478880817,?,?,3
?,3.569993898,72,-1.57209844,0,1.365199327,?,95,4
1.498955633,2.934747247,66,?,0,0.216379802,7,?,5
3.121655545,3.920399257,69,?,1,?,7,20,4
3.327792061,3.9822917,?,-1.428266562,0,?,6,0,5
2.527673808,4.175872873,?,?,1,1.991002275,7,35,3
?,3.350423242,50,-1.226254995,?,-1.566407861,6,0,2
3.109952314,4.068613263,?,-1.495372306,0,-1.401666896,6,0,5
?,3.154466299,50,-1.435299312,?,-1.341449694,6,0,2
1.131429661,3.409109599,?,-1.434725284,0,?,6,0,3
3.329245848,3.982965419,68,-1.328601922,0,?,6,0,5
2.576945811,3.993068305,77,-0.547461875,1,?,7,?,5
2.371255745,4.445053142,78,2.295014934,0,?,7,?,4
2.674991529,3.925202509,?,-1.35060155,1,1.292405355,?,60,5
?,?,74,-1.234655507,0,-1.307523892,7,20,1
1.?277005796,3.968853327,61,?,?,-1.374859474,7,40,4
-0.501914914,4.489174634,69,?,0,-1.311507678,6,?,4
?,3.959360817,61,?,0,-1.58646545,7,40,4
?,3.457702943,70,1.237210472,0,-0.560980442,?,30,2
1.189755942,3.509504755,?,1.674239238,0,-1.303408206,7,?,4
?,4.425926599,72,1.99727087,?,0.508508543,7,60,4
?,2.736031627,74,-1.617729549,?,-1.282539883,7,20,1
?,3.470640305,65,-1.150566165,0,-1.562742704,?,0,2
1.206576765,?,72,?,0,-0.822732514,7,5,4
?,3.179622448,?,-1.236925592,0,1.703688443,6,0,3
?,?,50,-1.547973122,0,-1.380184329,6,0,1
-0.860676819,3.413031387,58,-1.470205234,?,-1.441208688,6,?,1
?,3.464807027,61,0.579404822,?,-1.359598259,7,15,4
?,3.486809459,62,-1.382425204,0,-1.306731795,?,0,1
2.599898599,4.247684648,?,1.393702069,1,1.919724421,7,?,3
?,3.884028981,?,1.767039578,0,-0.265200296,6,0,3
2.980906217,?,69,-1.225962264,1,?,7,20,4
2.186162891,?,72,2.30683521,0,-0.443414304,7,?,4
?,3.889198436,?,1.356557455,1,1.956942626,7,35,3
0.45085216,?,65,-1.382395902,0,?,7,70,3
1.159606407,3.444684516,59,-1.246094586,0,?,?,0,3
2.843932331,4.211012233,68,1.277493522,1,?,?,35,3
?,3.551533716,69,?,1,2.678431552,7,70,4
2.454393918,3.762254641,61,1.348112851,1,?,7,?,5
0.675799025,3.616929732,58,1.643951216,0,?,?,0,2
2.580899831,3.705618424,?,-0.501790268,1,0.49691131,?,30,5
3.322354823,3.458820449,64,?,1,?,7,60,5
-1.024022307,3.319728301,?,-1.167108491,0,-1.372966394,6,?,2
?,3.081622929,63,-1.355046022,0,?,7,30,2
2.583910404,3.801254381,?,1.251870923,?,-1.434771507,7,15,5
?,3.324016537,?,-0.156247736,1,2.452264191,7,50,4
1.210153491,4.88565093,?,2.256551472,0,-0.720819188,7,?,4
2.815327468,3.819427689,?,?,1,1.974972736,7,20,4
2.695771403,4.105820326,?,1.472502512,1,1.553158831,?,35,3
?,?,69,-1.429705285,1,1.975061353,7,20,4
-0.503603825,3.594222496,70,1.265527334,?,-0.709206132,7,?,2
?,3.934172387,?,-1.418619684,1,2.289329654,7,40,6
2.733446857,?,?,1.432019316,1,1.841660365,7,35,3
1.063692195,3.850414131,61,?,?,-1.56185956,7,40,4
?,3.344931464,59,-0.758324956,0,-1.408808097,?,0,3
?,3.233429569,58,?,0,-1.409196036,6,0,1
2.472863559,4.329420771,?,2.227236465,?,-1.237672726,7,10,4
0.646330461,3.938089822,62,1.818923768,0,?,6,0,3
?,4.251314332,78,2.196257037,0,?,7,10,4
-0.563621537,?,70,1.092320775,0,-0.662016649,7,30,2
-0.570469645,4.341804982,?,-1.381797721,?,-1.491873634,6,0,4
?,3.726642263,61,1.31073222,?,-1.457134617,7,40,4
0.728773898,?,58,1.608014215,0,-1.328502906,6,0,2
1.397278358,?,66,-1.282143908,0,-1.234724717,6,0,2
1.47946361,?,66,0.478918232,0,0.092263686,7,?,5
1.898777627,?,72,2.266963294,?,0.513121587,7,60,4
?,3.965236408,79,1.878881404,?,2.722436914,9,100,4
0.444341597,3.752751358,65,?,0,-0.74039235,7,?,3
?,2.674781314,74,-1.450934414,0,?,7,20,1
?,3.314498138,58,-1.519012422,?,-1.358385317,6,0,1
3.445238628,?,?,-1.35258714,1,2.535084723,7,60,5
2.064962,4.042741805,68,?,?,1.156474626,7,70,4
?,3.382934401,59,-0.643330475,?,-1.626274855,6,0,3
-0.498874183,?,50,-1.316440284,0,-1.268427309,6,?,1
1.20019114,3.489463749,77,1.76712381,?,?,7,25,4
1.064912419,?,?,1.452009361,0,-1.404717155,7,40,4
2.609949271,3.899773312,77,-0.518422096,?,0.688667766,?,30,5
0.940814004,?,56,1.078180067,0,-0.087537446,7,?,3
1.485939094,2.887877099,?,?,0,-1.314826914,7,5,2
1.222189013,3.381427539,77,1.811575366,?,-1.314635008,7,?,4
0.627582423,?,?,1.68418061,0,-0.505891327,6,0,3
3.141671493,3.121270986,?,0.007515385,1,2.259998598,?,50,4
2.530663374,4.039635455,?,1.529530372,1,1.825750975,7,?,3
?,3.236040163,?,-1.530930244,0,-1.242175032,6,0,2
1.843729758,4.559038612,?,2.297874658,?,0.309937859,7,60,4
?,3.395433128,62,-1.351289726,?,-1.329084363,6,0,1
1.214808984,?,71,1.461547133,?,-1.274854425,6,0,3
0.698049004,3.268003181,62,?,0,?,6,0,1
1.431668497,2.907024994,66,-1.358872487,0,-1.459149039,6,?,2
3.10097695,3.247706222,?,-0.005865748,1,2.499074841,?,50,4
1.049065683,?,77,1.667973107,0,-1.347403644,7,25,4
2.732111958,3.97674223,77,-0.694003327,?,?,7,30,5
?,3.153229033,56,0.940714379,0,-0.136594354,7,5,3
-1.127384848,3.192689129,?,?,0,-1.244260632,6,0,1
-0.636037131,?,74,?,0,-1.216283311,7,20,1
?,3.38120084,?,0.557965145,0,-1.457229216,7,15,4
3.370925154,?,64,-1.273751192,?,2.416743293,7,60,5
1.853632725,?,68,1.758018852,0,1.256956586,7,?,4
3.838102109,?,44,-1.342262086,1,?,7,40,6
2.824789871,4.10592705,79,1.81367338,1,?,9,100,4
0.242212777,3.60777435,65,-1.421695898,0,?,?,0,2
?,3.201463134,50,-1.393499199,0,?,6,0,2
?,3.274104405,63,-1.445764116,0,-0.775319944,?,0,3
?,3.384903882,?,-1.343820351,0,-1.437570785,6,0,1
-0.602073298,?,50,-1.224817489,0,-1.379909228,?,0,1
3.242655154,?,68,?,0,-1.415964145,6,0,5
?,?,66,2.284073618,0,-1.413387489,7,15,4
0.656996394,3.650611677,?,-1.267882849,0,?,7,70,3
?,3.782094075,60,-1.482978476,?,1.237635046,7,60,4
-0.650870404,2.790845546,?,?,0,-1.350995475,6,0,1
?,3.501797829,63,1.141844538,0,-1.235099207,6,?,2
0.73981916,2.937266207,?,0.887116412,0,?,7,5,3
3.227607782,?,68,-1.230703381,0,-1.467419057,?,0,5
1.705147364,3.044982558,63,-1.485380543,?,-0.519326176,7,30,2
?,3.7599464,?,-0.826481447,0,1.701378176,8,15,3
2.452002083,3.35286513,?,0.264496418,0,?,7,60,5
-0.462414238,4.454168773,?,-1.40577451,0,-1.386302916,6,?,4
0.528183603,3.885841564,?,1.628944364,0,?,6,0,3
0.61686039,3.021400727,?,-1.337559658,0,-1.329572882,?,80,3
1.530393394,3.78821361,76,?,1,0.774867531,7,?,5
1.430619502,?,63,?,0,-0.520177598,7,30,2
0.63685851,?,62,1.642500372,0,-0.581372181,6,0,3
3.122864128,3.935249182,68,?,0,?,6,0,5
1.091360577,3.630442994,59,-1.369997297,0,-1.229012564,6,?,3
-1.180250436,3.261617256,50,?,0,?,6,0,2
1.376970995,3.754987332,73,-0.565818451,?,1.720123419,8,15,3
1.789513592,2.81521674,63,-1.561487594,?,-0.748925812,?,30,2
1.587080514,3.195593094,61,0.588041175,?,-1.218313206,?,15,4
2.721312518,4.157501854,68,?,1,1.900775583,7,?,3
3.206308829,3.531843866,64,-1.376125502,1,?,?,60,5
1.963883901,4.25872003,72,2.233367676,?,?,7,60,4
-0.335378133,2.671526272,74,-1.152483126,0,?,?,20,1
2.053250418,3.988880731,72,2.275074603,?,-0.389965063,?,10,4
3.124514251,3.773692904,69,-1.454737076,1,1.865454169,7,?,4
0.494474273,?,?,2.481077023,0,-1.34668198,6,0,4
3.160525049,4.102054541,68,?,0,-1.497139225,6,?,5
1.089272642,4.035703316,68,-1.35275929,0,-1.389020319,?,?,4
2.560756183,3.612448241,?,?,1,2.636761229,7,70,4
3.385335642,3.605735801,64,-1.400392054,1,2.426859588,?,?,5
3.173886052,?,68,?,0,-1.369770788,6,0,5
2.631759528,?,68,?,1,1.864206612,7,35,3
3.292338475,4.128578857,?,-1.493952717,0,-1.597205863,?,0,5
1.395257358,3.565225562,73,-0.623957144,0,1.649993922,?,?,3
2.772143166,4.092546963,68,1.400736621,?,?,7,35,3
1.980048601,3.951723494,68,1.937033247,0,1.255960469,?,70,4
-1.053945868,3.061725268,50,-1.239018084,0,-1.468267937,?,0,2
0.396530551,?,65,2.018251849,0,?,6,0,3
0.388316104,3.762232055,65,?,0,-0.753845673,7,?,3
1.853794346,4.360111681,72,2.208687368,0,0.515955214,7,?,4
?,3.352640231,68,-0.128081161,1,2.491426548,?,50,4
?,3.809725744,?,1.865398015,0,1.393813877,7,70,4
1.348845449,4.72709501,?,2.200830453,0,-0.783658228,?,5,4
0.515977158,4.076729443,62,?,?,-0.391238525,6,0,3
?,4.48507768,73,2.266262256,0,-1.358746469,6,?,4
2.039961172,3.952746124,?,1.784210161,0,1.317224773,7,?,4
1.728691881,4.170982632,64,2.039096015,?,-1.379398609,?,0,4
?,3.067998058,63,-1.379752242,0,-0.463083323,7,30,2
-0.961916255,3.226323879,50,?,0,?,6,0,2
1.204407061,4.365458718,66,2.183014553,?,-1.42535232,7,?,4
?,3.982561338,65,1.994182274,0,-0.680860542,?,0,3
-0.393972563,3.591051801,70,?,0,-0.695975634,?,30,2
-0.433845683,4.494266855,69,-1.356958558,?,-1.544661824,6,?,4
0.650343176,?,65,?,0,-0.953171115,7,70,3
0.334669914,?,65,?,0,-0.909504247,7,70,3
1.031316384,4.823770296,72,2.425222223,0,-0.529646645,?,5,4
0.44949079,3.957949217,62,1.918323185,?,-0.475330399,6,0,3
0.665267605,?,56,1.082528621,0,-0.028834507,7,5,3
3.840817942,4.028461054,44,?,1,2.255353569,?,40,6
2.594173554,3.639188934,69,?,?,2.694807213,7,70,4
3.296435028,3.687057302,?,?,1,2.259375189,7,60,5
?,3.899539017,69,-1.453961871,1,1.882957556,7,?,4
?,4.40778592,72,1.985578582,0,0.608005377,7,60,4
3.326849763,?,?,-1.520601421,1,2.265403276,7,60,5
?,3.358094424,68,-0.10470025,1,2.431828352,7,50,4
?,?,49,1.365820348,0,-1.249211024,6,0,4
?,2.985434792,67,-1.241432802,0,-1.473423542,7,?,2
1.653463545,3.668378872,76,?,1,0.909011326,7,75,5
2.822529692,?,72,?,0,1.494653082,9,95,4
0.98500794,3.888654955,68,-1.435908675,?,-1.392267002,7,?,4
1.705905295,3.102593588,66,-1.37879827,?,?,6,0,2
?,3.243112781,50,-1.511949371,0,-1.430166911,6,?,2
?,?,69,-1.500368913,1,2.607644794,7,70,4
1.015284999,4.727808786,72,2.397374015,0,-0.719180463,7,?,4
1.252554818,?,66,2.118623848,?,-1.306231191,7,15,4
?,?,76,1.03357962,1,0.849377804,7,75,5
2.558842086,?,72,-1.263145918,0,1.480185883,?,95,4
1.141964004,?,68,-1.411901094,0,-1.333507318,7,50,4
0.614891838,?,62,1.779673095,0,-0.405302578,6,?,3
3.288257689,3.415213315,?,-1.461315392,1,2.125217011,7,60,5
1.601794921,3.149095921,66,?,?,0.392680904,7,40,5
-0.458501511,2.669361649,50,?,0,-1.309566476,?,0,1
0.841406812,3.504481399,?,-1.316500434,0,-1.360067096,?,0,1
2.4740127,?,61,1.40760035,?,-1.391247489,7,15,5
0.318256977,3.845700011,?,1.659321989,0,?,6,0,3
?,2.961086584,56,0.803641341,0,-0.133938167,?,5,3
3.3670706,4.184730954,68,-1.41016216,0,-1.564742296,?,?,5
1.148025726,4.197246459,66,2.?5357832815,?,-1.319863514,7,?,4
-0.427543973,3.415562723,?,1.511701878,0,-0.468022177,?,30,2
-0.946152056,3.50236331,58,?,?,-1.348760082,6,0,1
0.957610045,3.065653685,67,0.303239375,0,0.037426551,?,?,3
?,3.243442246,63,?,0,-0.806270046,6,0,3
2.509529009,?,61,1.342150945,1,?,7,15,5
1.520163851,3.483580936,73,-0.691915032,0,1.648587502,?,?,3
2.596049613,3.49559641,?,0.623710105,0,?,7,60,5
1.136256272,3.187011773,59,-1.451231753,0,-1.323462325,?,0,3
1.095690278,3.623854807,?,1.501178471,0,-1.400875179,7,?,4
2.245162031,3.542113251,65,-1.425849109,0,1.434764894,6,?,3
?,2.703813774,50,-1.494607436,0,-1.570437811,?,0,1
-1.318007388,3.641828404,63,1.229236855,0,?,6,0,2
0.707144867,4.059294805,62,?,0,-0.19389829,6,0,3
1.58440056,3.484835191,?,0.657189407,?,-1.493557939,7,15,4
1.51205081,?,73,-0.578519523,0,1.70634839,8,?,3
3.050080703,?,69,-1.359044181,?,2.00689231,7,20,4
?,3.56875675,?,1.702852116,0,0.846501191,7,30,5
?,4.352675546,?,2.147686444,0,0.619003579,7,60,4
1.359243335,3.389133099,?,?,0,-0.329928442,7,20,4
?,4.170477575,?,2.011249216,0,-1.383063322,6,0,4
3.788033407,4.04343988,44,-1.45405974,1,?,?,40,6
-0.381105063,2.815638318,74,?,0,-1.381611732,?,20,1
-0.583099944,2.677665222,74,?,0,?,7,20,1
2.645732964,4.191842818,78,?,0,-1.542320737,7,?,4
-0.671282621,2.704610516,50,?,0,?,6,0,1
?,3.585879412,?,1.539535464,1,-1.279235137,7,15,5
-0.62375414,3.411662667,41,-1.393637244,?,-1.381305113,?,0,3
?,3.192818429,?,-1.35132306,0,-1.197467135,9,80,3
-0.457378363,2.484787374,74,-1.26283178,?,?,7,20,1
1.535675266,3.010584512,67,?,0,?,7,5,2
0.610058932,4.004151534,?,1.804499956,0,?,6,0,3
1.437524796,?,?,-1.359643001,0,-1.366490678,6,0,2
-0.640791367,2.683211405,74,-1.558207307,0,-1.435033569,?,?,1
2.505929215,?,78,2.316603616,?,-1.380329872,7,10,4
-0.377286651,3.493794719,?,1.093229353,0,-0.624984026,7,?,2
?,3.512691306,72,-1.446725181,0,1.605143354,9,?,4
1.385206694,3.570346317,?,?,0,1.578850571,8,15,3
1.674471392,3.190436428,63,-1.121452458,0,?,7,?,2
3.220083935,?,68,?,1,2.412161425,7,50,4
1.29249264,4.621358143,72,?,0,?,7,5,4
?,3.660818889,49,1.350373474,0,-1.448763477,6,0,4
?,3.183281262,63,-1.388175061,0,-0.627496707,?,30,2
1.13485463,4.769843891,72,2.350827294,?,-0.853337457,7,?,4
-1.021713037,3.336624136,?,-1.43958817,0,-1.321854664,6,?,2
1.417249308,3.097973496,66,0.605475659,?,0.22256358,7,40,5
?,3.582866834,?,1.281850071,0,-0.408805285,7,30,2
1.159751286,4.247442315,?,1.983138888,0,?,7,15,4
3.017721259,?,69,-1.532044577,1,1.795775026,?,20,4
?,3.3096089,58,-1.356454574,0,-1.377869418,6,?,1
?,3.586227432,63,?,0,0.948328838,7,60,3
1.812371463,3.6079552,60,-1.242025149,?,1.246347734,?,60,4
?,3.851025211,61,?,1,-1.333424432,7,15,5
3.1825386,3.306136435,68,?,1,2.329631283,7,?,4
?,3.966141387,68,1.241482036,?,1.729604212,7,35,3
0.30955349,4.436151529,73,2.302836651,?,-1.390878878,6,?,4
0.405941329,?,?,-1.284005689,0,-1.372565166,7,15,3
3.029525045,3.988705764,69,-1.347685225,?,1.856844712,?,20,4
?,3.326326889,59,-1.401214935,0,?,6,0,3
?,3.595048542,60,-1.361498481,1,?,7,60,4
0.496610737,3.807213696,65,-1.226479174,0,?,?,70,3
-0.876594093,?,58,-1.402222018,0,-1.402952545,6,?,1
-1.109118802,?,50,-1.287451945,?,-1.326522248,6,0,2
?,4.318543882,64,2.006266212,0,-1.538394836,6,0,4
1.177395896,4.790453507,?,2.440916781,0,?,7,5,4
3.191362985,4.04543949,68,?,0,-1.38268271,6,0,5
0.294988929,?,73,2.275424693,0,?,6,0,4
-1.093833343,?,58,-1.41178005,0,-1.286039447,?,0,1
2.558777402,3.687214679,61,1.388005937,?,-1.392835276,7,?,5
-0.423111884,2.702443063,74,-1.498525042,?,-1.588908982,7,20,1
?,3.637000014,60,-1.278216948,1,1.342074836,?,60,4
1.849589603,3.730775698,60,-1.08684509,1,?,?,60,4
2.447908968,?,57,0.495688403,0,2.417350097,7,60,5
-0.43480545,3.540464221,70,1.391190881,0,?,7,30,2
1.370729135,?,71,1.178046162,0,-1.368786817,6,?,3
0.023180885,3.175178136,?,-1.453443156,0,?,6,0,3
1.652516249,4.309009346,64,1.994625328,0,-1.160937942,6,?,4
?,3.106017483,59,-0.78562751,0,?,6,0,3
3.20868486,?,68,-1.46550057,0,-1.508999488,6,?,5
1.333873241,4.691090314,72,2.360635172,?,-0.836010899,?,5,4
2.247828061,?,72,2.362030672,?,-0.417742587,7,10,4
?,?,59,-0.669937944,0,-1.297217688,6,0,3
?,2.863170762,50,-1.314549326,0,?,6,0,1
3.041843061,?,68,0.031255439,1,?,7,50,4
1.256674236,4.815163197,72,2.383316524,?,-0.720548543,7,?,4
?,3.032171178,67,0.093701325,?,0.126759127,7,80,3
2.630111691,4.485915472,78,?,0,-1.321427652,7,10,4
2.837019264,?,79,1.824980016,1,2.458369309,9,?,4
?,2.784237517,74,-1.530935931,0,-1.398734861,7,?,1
1.466070002,?,73,-0.486989249,0,?,8,15,3
?,4.596216265,65,-1.345822294,1,?,7,60,5
1.401394137,3.158043895,?,0.367426037,0,0.223009811,7,40,5
1.55529067,3.136724137,?,-1.501389533,0,-0.722940512,7,?,2
?,3.048622239,66,0.619605386,0,0.184422725,?,40,5
2.211061935,?,72,2.320004703,0,?,7,10,4
3.362671379,4.059835096,?,-1.570407255,0,-1.417767067,?,0,5
0.631964922,2.910177975,56,0.946631954,?,-0.026639833,7,?,3
2.510779176,?,61,1.292891314,1,?,7,15,5
2.506104121,?,57,?,0,2.274797934,7,60,5
1.190462923,4.146935328,66,?,0,?,7,15,4
1.508137875,2.962412762,66,?,0,?,6,0,2
0.7704279,3.704587334,?,1.624443754,0,-0.235426498,?,0,3
?,3.104242313,67,?,0,0.113398623,7,80,3
2.754866487,?,79,1.80645662,1,?,9,100,4
2.550978908,?,61,1.196904224,1,-1.336518798,7,15,5
?,?,72,2.410536251,0,-0.391995091,7,10,4
-1.350616926,3.433692269,?,-1.380368736,0,-1.525910522,6,?,1
1.786666824,3.603628166,?,-1.379694998,1,?,7,60,4
-1.448874138,3.275410314,58,-1.408434382,?,-1.422407675,6,0,1
?,3.535959007,72,-1.3562827,0,1.564739587,?,95,4
?,3.104569661,66,0.584831662,0,0.170185344,7,?,5
3.087414614,3.875956684,?,-1.217937716,1,1.967894575,?,20,4
1.134220403,2.892672167,?,1.211065787,0,-1.392745659,?,0,3
-0.39879414,3.645304693,?,1.392548148,0,-0.568936763,7,?,2
1.698990651,4.273841808,?,2.018248744,?,-1.352829601,6,0,4
?,3.34904899,65,-1.505652638,0,1.492868367,?,0,3
2.053683245,4.390518992,72,?,0,?,7,60,4
-1.145651873,3.250449902,58,-1.373577438,?,-1.242413763,6,?,1
1.911924829,4.013260893,68,?,0,1.296532922,?,70,4
?,2.642656575,50,-1.197747542,0,?,6,0,1
-0.562578131,3.423258768,41,-1.472907303,?,-1.396146386,6,?,3
?,?,71,1.281990004,0,-1.578456331,6,0,3
1.316333129,3.222644891,71,1.292449969,?,-1.441143841,6,0,3
1.620340734,2.992847519,66,-1.358386993,0,-1.303582014,?,?,2
1.759554534,3.417359706,61,0.698431214,0,-1.500234576,?,?,4
3.085336662,3.91518954,69,-1.430041284,1,1.869760989,?,?,4
1.381802443,3.175240869,66,-1.405924192,?,?,6,0,2
3.319907733,4.06001513,68,?,0,?,6,0,5
?,3.377996255,58,-1.295946155,0,-1.274747489,6,?,1
?,3.826150248,?,1.802269985,0,1.391983827,7,70,4
2.513537628,3.447501595,61,?,1,-1.372636132,?,15,5
?,3.237809496,58,-1.274933094,0,?,6,0,1
2.824468831,?,68,1.505330751,?,1.827676908,7,35,3
-0.912658887,3.400391431,58,?,0,-1.233626789,6,0,1
?,?,63,-1.422347012,0,-0.680838982,6,0,3
?,3.827608317,61,1.287087203,0,-1.311163763,?,40,4
2.717609078,3.873523743,?,1.901342543,1,2.481921408,9,?,4
2.21353072,?,72,2.143166478,?,-0.455754339,7,10,4
?,4.072242868,69,-1.357938761,1,?,7,20,4
2.552136494,?,?,1.273000931,1,1.69239816,7,35,3
1.446318572,3.577612125,?,0.932769066,1,0.581070302,?,75,5
2.572460151,?,?,0.508285162,0,2.390689579,7,60,5
-0.894819279,?,58,-1.468475707,?,-1.366302503,6,0,1
-0.548345731,?,74,-1.313773701,0,-1.37686521,7,20,1
1.358280085,?,?,-0.418385798,0,1.739218364,8,15,3
?,3.978790877,62,1.861142823,?,-0.401322357,6,0,3
2.548462785,?,61,1.355494461,1,-1.373378534,7,?,5
?,3.165503603,60,-1.383565073,?,-1.344992798,9,80,3
1.858653799,3.407676302,61,0.448039388,0,-1.449504953,?,?,4
2.527460799,4.117300435,68,1.320407,1,1.933450124,7,?,3
1.118584742,?,68,-1.448953612,0,-1.569205414,?,50,4
-0.711152239,2.636801344,50,?,?,-1.381351756,6,0,1
1.263079373,3.589850782,73,?,0,?,8,15,3
2.533661721,?,77,-0.442845434,1,?,7,30,5
1.558863352,2.865939266,67,-1.241138165,?,?,7,5,2
1.632234376,3.045983719,66,?,0,-1.445600929,6,?,2
0.503218935,3.836686115,49,1.434741264,0,-1.248564432,?,0,4
?,2.969375345,63,-1.383470613,0,-0.640498623,?,30,2
2.478913348,3.575840272,?,-1.503751306,1,2.65279088,?,70,4
?,3.135753139,68,-0.113341057,1,2.284024294,7,?,4
?,3.918151827,44,?,1,2.289489107,7,40,6
2.473503329,?,57,0.447038627,?,2.459081642,7,60,5
-0.98546816,3.090178702,58,?,0,-1.30483532,?,0,1
?,3.215401937,62,-1.101458852,1,0.334816669,7,?,5
1.681369033,3.677484152,?,0.924375466,?,0.846511612,7,75,5
3.310972834,3.552166313,64,?,1,2.396780526,7,?,5
0.236679421,3.663627308,65,-1.372354525,0,-1.456582056,?,0,2
2.341346495,4.085323509,72,?,0,?,7,10,4
2.65068076,4.070306151,77,-0.576701713,1,?,?,30,5
0.552593858,3.719093258,49,1.410201551,?,-1.510156358,?,0,4
2.314265464,3.305816907,65,-1.416491747,0,1.721161218,?,?,3
1.120292121,3.446943253,59,?,0,-1.381560207,6,?,3
2.867607687,?,69,-1.299980161,1,2.739205671,7,?,4
2.579425836,3.789313393,?,1.39119511,?,-1.435785842,7,15,5
1.582276205,3.047779617,63,-1.324272719,0,?,7,?,2
0.17087882,4.027833691,65,?,0,?,6,0,3
?,3.187657112,58,?,0,-1.335339075,6,0,1
-0.980572432,3.37594707,50,?,0,-1.391227096,6,0,2
?,3.576441626,64,-1.349335935,1,2.329073186,7,60,5
1.413050785,?,66,2.017990073,0,-1.326335287,7,?,4
2.500339551,4.186712152,68,1.411824293,1,?,7,?,3
?,2.935619232,63,-1.176020039,0,-0.842007004,7,?,2
-0.10626073,3.276576695,63,-1.426050582,?,-0.882630739,6,0,3
?,3.832418634,68,-1.191158777,0,?,7,50,4
-0.598885553,3.415299763,?,1.18899451,0,?,7,30,2
1.710792523,3.978791893,?,?,0,-1.296492008,6,0,4
0.363172554,3.808745604,65,-1.48744282,?,-1.504278511,6,?,2
1.616870139,?,64,1.939100458,0,-1.429454745,?,0,4
3.270513931,3.313651287,?,-0.196053714,1,2.413903734,?,50,4
1.733981204,?,62,-1.339942471,1,0.340715524,?,30,5
?,?,66,-1.373466594,0,-1.385866672,6,0,2
-1.132993258,3.213902927,?,-1.722657771,0,-1.282931772,6,?,2
1.624962822,?,61,0.513046478,0,?,7,15,4
?,3.961207506,69,-1.392018898,1,?,7,20,4
?,4.078198361,68,1.337372574,1,1.9060051,7,?,3
2.589543129,4.619737557,65,-1.416480253,1,?,?,60,5
?,4.827031381,65,-1.350496664,1,?,7,60,5
1.573136376,3.033152105,66,0.395911668,0,0.351400347,?,?,5
1.45218241,3.065746047,67,-1.310796826,0,-1.321312326,?,?,2
2.66276004,4.081665109,68,1.500065395,?,1.98034672,7,35,3
1.997687547,?,68,1.705654103,?,1.28737666,7,70,4
-1.155683693,?,50,?,0,-1.344560128,6,0,2
?,3.834287248,63,1.321783375,0,-1.303288742,?,0,2
-0.582888456,2.692034161,74,?,0,?,7,20,1
1.380309438,3.83141136,73,?,?,1.620672402,8,15,3
0.964312096,?,68,?,0,-1.472860387,7,50,4
?,?,70,1.249078334,0,-0.690213177,7,30,2
0.375244301,3.667504744,65,?,0,-1.371725378,?,0,2
1.530885584,3.051228686,66,?,0,?,7,40,5
0.582756249,3.139237203,60,-1.313611088,0,-1.351480504,9,?,3
1.51654626,?,60,1.66936999,0,0.758762153,7,?,5
1.255742679,3.153007971,66,0.710095376,0,0.311302066,?,40,5
?,?,76,0.718742167,1,1.030266602,7,75,5
1.143495724,3.575704933,61,1.320660817,0,-1.479909944,7,?,4
1.497068509,?,?,-0.4901086,0,1.734356775,8,15,3
0.123424872,3.388416336,?,-1.348572544,0,-0.65443625,?,0,3
?,?,68,-1.184527338,1,1.336745865,7,60,5
0.566862663,3.244726421,60,?,0,-1.533573388,9,80,3
?,4.256175275,?,2.186675445,0,-1.507737856,6,0,4
2.854803114,3.86200713,68,-1.280440176,1,?,?,60,5
?,3.414588333,61,1.313853246,1,-1.427157104,?,15,5
1.705006581,3.910447894,?,1.076669114,?,0.775118807,7,75,5
?,4.045316599,77,-0.705589133,1,0.676817413,7,?,5
?,3.237473226,66,?,0,0.272044246,7,40,5
?,?,66,-1.477236778,0,-1.492442661,6,0,2
2.778709761,3.689572162,?,-1.576143894,0,1.475887636,?,95,4
-1.394727477,3.131843855,?,-1.436155006,?,-1.291192817,6,0,1
2.715288226,3.838815953,68,?,1,?,7,35,3
0.759476845,?,58,1.602639687,0,-1.241417249,6,?,2
1.383125841,2.924849948,66,-1.491484187,?,-1.509844294,?,0,2
3.910966518,3.886922374,44,-1.574623771,?,2.106287475,7,?,6
1.606965588,3.047820882,66,-1.423714279,0,-1.279037966,6,?,2
-1.061375471,?,58,-1.454174035,?,-1.265584798,6,0,1
2.829249858,4.113793769,79,?,1,2.549916303,9,?,4
?,3.627418474,?,-1.422952815,0,-1.342069478,6,0,2
?,3.421237666,57,0.478650613,0,2.397259275,?,60,5
?,3.485645376,70,1.306675416,0,-0.654274788,?,30,2
0.646769011,3.928765286,62,1.630106937,0,?,?,0,3
0.090081579,3.950668086,65,?,?,-0.934019454,6,0,3
?,2.817038193,50,-1.283422561,0,-1.256516462,?,0,1
0.373074759,?,70,1.76657461,0,-1.523900591,6,?,3
-0.397461643,4.314940966,?,-1.288817626,0,?,6,0,4
?,2.608388396,74,-1.269775637,0,-1.291204541,?,20,1
-0.369181711,3.547652737,70,1.249300781,?,-0.53095893,7,?,2
2.679333382,3.617946882,?,?,0,1.46917848,9,95,4
3.095434284,3.556406122,?,-1.256362098,1,?,7,60,5
1.548476095,?,64,?,0,-1.387957383,6,0,4
?,3.284643366,58,-1.323984782,0,-1.23151078,6,?,1
0.72382833,3.857842381,62,1.790538054,?,-0.265330884,6,?,3
1.97444013,3.929318911,68,1.694455151,?,1.363704654,7,?,4
1.53973606,?,76,0.791288266,?,0.806252341,7,75,5
?,3.058265815,71,1.306328598,0,?,6,0,3
?,3.57178523,65,?,0,-1.150829452,6,0,2
?,3.108661346,?,0.620947882,0,0.369105708,7,40,5
1.357689623,3.216932166,?,0.497267164,?,0.296490022,7,40,5
-0.523626454,?,?,1.282716832,0,-0.415456233,7,30,2
-0.164573626,3.202764144,63,-1.214196064,0,?,?,0,3
0.506317405,?,65,-1.384870487,0,-1.048901369,7,70,3
2.698718405,4.660395471,?,?,1,2.739932734,7,60,5
1.411024394,3.663751278,76,0.971596089,1,0.925646634,7,?,5
?,4.052569596,64,2.063850965,0,-1.301155294,6,0,4
3.037848784,4.100923677,?,-1.413990177,1,?,7,20,4
0.560038086,3.830426214,62,?,0,-0.343298,?,0,3
?,3.34053354,59,?,0,-1.421976411,6,0,3
0.642366378,?,62,-1.436388366,0,-1.243792887,?,0,1
3.016401261,3.966056228,69,-1.216971999,1,?,?,20,4
2.752594162,4.196176927,68,?,?,1.734922253,7,35,3
?,3.642053638,76,0.796655259,1,0.951920984,7,?,5
-0.51721129,3.414085423,70,1.210049933,?,-0.618358343,7,30,2
1.456878334,3.720142022,73,-0.434417214,0,1.83956235,?,?,3
1.51263144,3.056324521,?,?,0,-1.065618312,6,0,2
0.207627834,4.008632253,?,1.934134725,?,-0.962098154,6,0,3
?,3.949539984,?,1.728117926,0,-0.354166394,6,0,3
2.407515114,3.954688487,79,1.932368943,1,2.654283457,9,?,4
2.675112188,4.052433245,68,?,1,1.811748351,?,35,3
0.857768853,3.365316091,62,-1.46696409,0,?,6,?,1
-1.030436314,3.502204218,?,-1.211095836,?,-1.145906128,6,0,1
2.91225351,?,69,-1.237816628,1,?,7,20,4
2.090328625,?,68,?,0,1.462387605,7,70,4
1.505248606,2.909807783,63,-1.43320672,0,-0.468420414,7,?,2
?,3.278961354,77,1.85288049,0,-1.277470907,?,25,4
3.196242313,?,68,-1.314650918,0,?,6,0,5
0.522095709,?,49,1.324228056,0,?,6,0,4
2.68345471,4.041698418,?,1.484360732,1,1.784096562,7,35,3
-0.347828872,3.371224853,70,1.255428027,0,?,7,?,2
0.494328264,3.620253048,65,?,0,-0.890579474,7,70,3
3.172201475,?,69,-1.327655102,1,?,7,20,4
1.947025709,3.738059318,?,-1.374849511,1,?,7,60,4
2.54039767,?,61,1.287792217,1,-1.343554767,?,15,5
?,3.292861309,59,-0.782757026,0,?,6,0,3
?,3.255785027,68,0.160786636,1,2.464165658,?,50,4
?,3.242357413,65,-1.281266965,?,1.787737335,6,0,3
-0.803618405,3.447222999,59,-0.714337759,?,-1.515742992,6,0,3
2.589249102,?,?,1.493453355,1,-1.375864927,7,15,5
2.483435985,3.832113625,77,-0.468912854,?,?,7,30,5
2.619933621,4.032263982,?,1.901958768,?,2.643417065,9,100,4
2.866617002,3.589203249,?,-1.453423067,?,1.507014251,9,95,4
3.338262189,3.923116184,?,-1.355961672,0,?,6,0,5
3.255526963,3.379185072,64,-1.369462198,1,?,7,60,5
1.872065271,3.287164049,61,0.679252628,0,?,7,?,4
?,3.222813764,63,-1.27281749,?,-0.839767575,6,0,3
?,3.605680192,70,1.072016088,0,-0.625944867,7,?,2
2.117862161,?,72,?,0,0.799645886,7,60,4
1.295879063,?,?,2.294901625,0,-0.946020321,7,5,4
?,3.059080318,67,-1.366047217,0,-1.46827619,?,5,2
-0.696402851,2.703362886,74,-1.241114357,0,?,7,?,1
1.609361032,?,63,-1.438230105,0,?,7,30,2
3.238560989,?,64,-1.363922747,?,2.444336927,7,60,5
0.694981366,3.922494182,65,-1.28846584,?,-1.021738926,7,?,3
?,3.448339123,59,-0.82970951?262,0,?,6,0,3
0.579271985,3.074938609,?,?,0,0.014664844,7,5,3
?,3.77685635,61,1.212997227,1,-1.356590042,?,15,5
1.354602838,4.088790183,66,2.134694248,0,-1.430374937,?,?,4
?,3.164561553,50,-1.225989958,0,-1.426251916,6,?,2
3.015438786,3.209141184,68,-0.023006221,1,?,7,?,4
0.054490337,3.41013944,63,-1.448248617,?,?,6,0,3
0.624486918,?,58,1.525533699,0,-1.324822783,6,?,2
1.154691722,?,67,?,0,0.053795459,7,80,3
3.185490055,4.124831707,68,?,?,-1.642173649,6,0,5
-0.376774244,2.716930639,74,?,0,-1.476011177,?,20,1
1.238311749,2.975009632,71,1.298762619,?,-1.476381132,6,0,3
?,3.641977106,?,0.867423955,1,0.942218108,7,75,5
0.948548105,3.833117043,61,1.239943714,0,?,7,?,4
-1.178645447,?,58,?,0,-1.421758895,6,0,1
1.407126945,?,66,0.50741343,0,0.109693937,7,?,5
0.608829566,2.954283106,56,?,0,-0.065401546,?,5,3
2.690520569,?,68,1.455092138,1,1.81073521,?,35,3
?,3.673433514,68,-1.322763288,1,1.2654?836114,?,60,5
1.898429921,?,63,0.474047396,?,1.250309497,7,60,3
0.502559756,4.079756325,62,?,0,-0.46128394,6,?,3
2.685648968,4.126659853,?,1.876665494,?,2.768032647,9,100,4
1.259763624,3.059503498,?,1.09594536,?,-1.403149724,6,0,3
0.409056304,3.628009389,65,-1.354182109,0,?,?,70,3
0.78785111,3.115062517,60,?,0,-1.436575005,9,?,3
?,3.516775785,?,0.945905294,1,0.823226417,7,75,5
0.727337811,?,62,-1.172120145,0,-1.546679283,6,?,1
3.298963987,3.438405797,64,-1.325195757,1,?,7,?,5
?,4.000308381,68,-1.456178329,0,-1.465733624,7,?,4
1.444973437,?,73,-0.408048635,0,1.781210312,8,?,3
1.291088099,?,72,?,0,-0.799737857,7,5,4
-1.008646736,3.453155654,?,-1.24626799,0,-1.271844867,6,0,1
2.702676299,3.569573096,72,-1.401289662,0,?,9,?,4
?,4.044278735,68,1.487675069,1,1.885994782,7,?,3
0.753726278,3.625362496,62,-1.52146718,?,-1.552819861,6,0,1
0.400415382,?,65,?,0,-0.934038545,7,70,3
0.118285052,3.139900237,?,-1.188360656,?,-0.80098893,6,0,3
0.767394735,3.569652876,?,1.600023055,0,-1.360718682,6,?,2
?,3.848999877,69,-1.283767805,1,1.961269552,7,?,4
1.603832534,2.948838757,63,?,0,-0.552203449,7,?,2
2.011410335,?,?,2.26509615,0,0.636941481,7,60,4
?,3.466881969,?,-1.268708166,0,-1.396550441,6,0,2
0.464610511,?,73,2.429236806,0,?,6,0,4
1.546491156,2.998693393,?,0.585500973,0,0.074869851,?,40,5
1.451540891,?,71,1.222991751,0,?,6,0,3
1.367433825,2.94054084,67,-1.394977347,0,?,7,?,2
2.798930426,4.441792237,65,-1.28548168,?,2.418267629,?,60,5
?,3.792505669,76,0.896268912,1,0.817478359,7,75,5
0.229400117,3.760735999,70,?,0,-1.48008334,6,?,3
3.198532296,3.860995747,68,?,0,-1.571959345,?,0,5
1.079028976,?,67,0.298015412,0,0.048088113,7,?,3
3.867756756,3.875100953,?,-1.382481102,1,2.208947293,?,40,6
2.480461093,4.432513288,?,2.330762295,0,?,7,10,4
0.379090674,4.397504885,73,?,?,-1.21174717,6,0,4
?,3.234214941,58,-1.477002684,0,?,6,0,1
1.565768748,?,66,-1.351232171,0,-1.156298393,?,0,2
2.066040664,3.874093828,68,?,0,1.374172328,7,?,4
2.714323063,4.208519428,68,1.450186147,?,?,7,35,3
0.608969282,3.718198548,65,?,?,-0.630810583,7,70,3
1.170458685,?,77,?,0,-1.426417239,7,25,4
-0.578887219,2.824945242,?,-1.535629476,0,-1.262522758,7,20,1
-0.025358009,3.207169519,?,-1.32441678,?,-0.692729791,6,0,3
?,?,50,-1.437217919,0,-1.340009706,6,0,1
3.290473328,3.320894025,68,-0.011295649,?,?,7,50,4
?,3.628490644,69,-1.203572283,1,?,7,70,4
2.846312345,4.770097666,65,-1.307090691,?,2.451121893,7,?,5
?,3.816849725,68,1.638189227,0,1.244768194,?,70,4
3.286771289,3.465642014,64,-1.395390978,1,2.222554254,?,?,5
1.880640602,4.262425578,64,2.251879591,0,-1.293958995,6,?,4
?,3.43422762,61,1.011302779,0,-1.635838885,7,?,4
1.510053915,3.215504966,66,0.652062841,0,?,7,40,5
-0.390562136,3.423870489,?,?,0,-0.716373529,7,30,2
1.162760781,4.282931127,?,?,0,-1.475260946,7,15,4
?,3.875049233,76,?,1,0.83017615,7,75,5
2.654685382,3.854853697,?,-0.459915008,1,0.498954325,?,30,5
0.571844211,?,58,1.402908337,0,-1.569355865,6,?,2
1.674046061,3.729947965,76,?,1,?,7,75,5
1.056429406,?,61,1.344853397,0,?,7,40,4
2.134178475,3.961508136,?,1.863210504,0,?,7,70,4
?,3.348399219,58,-1.482271502,0,-1.484325766,?,0,1
-0.939497669,3.130243053,58,-1.430548662,0,?,?,0,1
-1.140677832,3.435873954,?,?,0,-1.434042085,6,0,1
1.184213054,3.225344165,77,1.565665181,?,-1.474588985,7,?,4
0.837342621,3.041658736,56,?,0,?,7,5,3
2.821514702,3.813525592,?,-1.57575522,1,?,7,60,5
2.684268586,3.906198337,79,1.909876704,1,?,?,100,4
?,2.538880663,74,-1.342445758,0,-1.337485494,7,?,1
3.983270735,3.855151708,44,-1.392329926,1,?,?,40,6
?,3.421691686,?,-1.368987602,0,-1.471408807,6,0,1
1.13936492,4.566933958,72,2.261028596,0,?,?,5,4
1.502986631,3.140587656,?,-1.487118754,0,-1.350022798,6,?,2
?,4.495983059,72,2.105882076,0,0.293711872,7,?,4
0.656519619,3.491599593,62,-1.433051399,0,-1.261501463,?,?,1
2.891780455,?,65,-1.307952436,?,2.452670185,7,60,5
?,3.410854108,73,?,0,1.62227069,8,15,3
1.467249589,3.224109897,66,-1.411682414,?,-1.373979036,6,?,2
1.217617771,?,71,1.267779828,?,-1.509994358,6,0,3
1.416583805,2.737460056,63,-1.458227552,?,-0.480632675,7,30,2
?,?,65,-1.420879767,0,1.489140385,6,0,3
?,?,70,1.241779059,0,-0.721582153,7,30,2
1.581404819,3.093282779,63,-1.462993644,?,?,7,30,2
1.215933227,3.113902973,?,0.313765052,0,0.123920767,7,?,3
0.422968899,4.032964991,62,1.732587274,?,-0.475177561,?,0,3
0.435054306,?,?,2.314839664,0,-1.296823044,6,0,4
?,4.237709754,68,?,0,-1.39578188,7,50,4
?,3.705125171,70,1.193582517,0,-0.543630457,?,30,2
?,4.015409355,44,?,1,2.310737042,7,40,6
1.320207554,3.673916408,?,-0.618728204,?,1.761472095,8,15,3
2.742431066,?,68,?,1,1.649449175,7,35,3
?,3.449464914,60,-1.384144071,1,1.30924529,7,?,4
?,3.102955457,50,-1.470897704,?,-1.37050022,6,0,2
?,3.636926651,?,-1.150110697,1,1.34715525,7,60,4
-0.988965639,3.278674851,50,-1.522405938,0,?,6,?,2
?,3.592336561,58,1.703301136,?,-1.542848247,6,0,2
0.250216859,?,70,1.726123996,0,-1.226810135,?,0,3
?,2.928689712,66,0.569247166,0,0.225218753,?,40,5
1.322299627,2.744429815,67,-1.197033805,0,-1.257691845,?,5,2
3.184097785,?,69,-1.423038838,1,?,7,20,4
?,3.11675754,67,0.248166485,0,?,7,80,3
?,3.914297821,68,-1.394943444,1,1.291671065,7,?,5
2.597294401,4.159393907,68,1.438141016,1,?,?,35,3
2.86847366,?,72,-1.5447914,?,1.557571511,9,95,4
1.852452973,3.578284087,60,-1.331112314,1,?,7,?,4
2.300200367,?,72,2.350858453,?,-0.491393605,7,10,4
1.541009714,?,60,?,0,0.821677871,7,30,5
1.074206018,3.588937646,?,1.763648556,0,-1.463292133,?,25,4
1.467907266,?,60,1.667331415,0,0.823178157,7,30,5
?,4.09624177,?,2.233844112,0,-0.637631334,7,10,4
2.744761611,3.446384714,?,-1.257113659,1,2.646687?4903,7,?,4
-0.022547049,3.035281843,?,-1.369100254,0,?,6,0,3
-1.007311909,3.304796871,?,-1.390097933,0,-1.520146767,?,0,1
1.452607777,3.737273508,76,0.942867797,1,?,7,75,5
?,2.664426385,50,-1.455233488,0,-1.609256288,6,?,1
-1.257837117,3.259530413,58,-1.367933332,0,?,?,0,1
0.196426867,3.674954715,?,-1.498549287,0,-1.377349818,6,?,2
-0.496088784,2.64152075,50,-1.130271339,0,?,?,0,1
2.851866943,4.626418607,65,-1.603155608,?,2.397763779,7,60,5
1.500101635,3.811561532,76,?,1,0.969392833,7,?,5
?,3.524255083,57,0.446358038,0,2.297878757,7,?,5
-1.262896694,3.31306063,58,-1.38566172,?,-1.485655665,?,0,1
2.7844925,3.91942035,?,?,1,0.618169587,7,30,5
?,4.049109397,64,2.260462698,0,?,6,0,4
3.457328798,4.14950552,68,-1.413992467,?,-1.333578203,6,0,5
0.799113797,3.726905297,62,1.592221897,?,-0.475437839,?,0,3
1.93531908,3.926242327,68,1.769061439,?,?,7,70,4
0.603839523,3.709282185,?,1.783773838,0,-0.37044013,6,0,3
?,3.855465696,69,-1.273502575,1,?,7,20,4
-0.48646131,3.461560967,70,1.325364254,?,-0.499557034,7,?,2
1.10422359,3.960362672,68,?,0,-1.288576002,?,50,4
2.293258265,3.990101452,72,2.259334776,?,?,7,10,4
?,4.271022411,?,2.391279476,0,-1.421224561,7,10,4
2.60810015,?,57,0.410353123,?,2.421458816,7,60,5
3.395702423,4.024692974,68,-1.498776059,0,?,?,0,5
3.223889846,?,64,-1.451196118,?,2.439266257,7,60,5
0.559643121,3.852649787,?,1.685396601,?,-0.430268226,6,0,3
2.758828754,4.748826293,65,?,?,2.320087559,7,60,5
-0.591494603,2.690040547,74,?,?,-1.465088031,7,20,1
0.755077035,?,58,1.771743083,0,-1.396175296,6,?,2
-0.410828701,3.445511796,?,1.289017345,0,-0.631539389,7,?,2
?,4.404657891,69,-1.398514375,0,-1.406467328,6,?,4
0.826325688,?,56,0.813178375,0,?,7,5,3
1.729874841,3.525221227,61,?,?,-1.312800693,7,15,4
?,3.305869466,68,-0.107511984,1,2.485085709,7,?,4
?,3.781695342,?,-1.400563537,0,-1.348531266,6,0,2
?,4.850593301,65,-1.548863433,?,2.663213081,7,60,5
1.168041195,4.200269699,66,?,0,-1.435879195,?,15,4
0.499399423,3.658800976,?,-1.429162598,0,-0.810727822,7,?,3
1.410943091,3.127414016,66,-1.342917779,?,?,6,0,2
0.697454716,3.344490878,?,1.571935016,?,-1.554126082,6,0,2
?,3.139735645,63,-1.432177241,?,-0.665851042,7,30,2
0.579851836,3.811705241,62,?,0,-0.375587263,6,0,3
0.263908565,?,65,-1.199461911,?,-1.410993858,6,0,2
2.553365671,4.08976236,77,-0.459198408,?,0.633702209,7,?,5
-1.083340961,3.187011154,58,-1.426674248,?,?,6,0,1
2.61494627,4.023479162,68,1.428594677,?,?,7,35,3
-0.508962395,?,74,-1.359143112,0,?,7,20,1
3.256873225,4.046706214,68,-1.409542485,0,?,6,?,5
2.645256694,3.472007884,69,-1.410310215,1,?,7,?,4
3.83047876,?,44,-1.477245822,1,2.204578214,7,?,6
1.347442293,3.743490337,60,1.690272897,?,?,7,30,5
?,3.631085089,62,-1.488147702,0,-1.279648164,6,?,1
-1.400589803,3.694197735,63,?,0,?,6,0,2
0.271808726,3.708457299,?,-1.418502577,0,-1.319556504,?,0,2
-0.466804206,3.342641728,59,-0.799555106,0,?,?,0,3
3.229974494,?,64,?,1,2.367422398,7,60,5
1.284953295,2.979740542,71,?,0,-1.433341442,6,?,3
-0.502474869,4.456838026,69,-1.33109784,0,?,?,0,4
1.562986598,3.339524939,61,?,?,-1.337271047,7,15,4
0.241775389,3.822124523,70,1.537430836,?,-1.346495413,?,0,3
1.537210909,3.308165214,61,0.750078199,?,-1.399974611,7,15,4
3.30813658,3.680406252,64,?,?,2.439966965,7,60,5
1.108058788,3.078510393,67,?,?,0.092159133,7,80,3
2.961495617,3.97804465,69,-1.34851476,?,2.157476293,7,?,4
?,4.054932849,68,1.383386919,1,1.881155664,7,?,3
1.825606092,?,60,-1.466251652,1,1.385638704,7,?,4
?,3.470913304,60,-1.502519229,1,1.395561908,7,60,4
-0.997521119,3.262685403,50,?,0,?,6,0,2
2.553553267,4.016627445,?,?,1,1.659929864,7,35,3
-0.019221976,3.210866139,63,-1.395299386,0,-0.837849828,?,?,3
?,3.706412521,65,-1.464036604,0,-1.310805777,?,0,2
2.664876437,3.975927969,?,1.916458985,1,?,9,100,4
2.536089215,3.561456487,?,-1.35704775,1,2.593127499,?,70,4
0.254161772,3.533609063,?,-1.62143404,0,-1.273081222,?,0,2
-1.012427934,3.388388566,58,-1.12598924,0,?,?,0,1
1.74430348,3.519885693,63,0.539514384,0,1.191624797,?,?,3
?,?,62,1.673579038,0,-0.352661045,6,0,3
0.276110672,3.775459749,65,?,?,-1.335991458,6,0,2
3.257071035,3.366897019,64,-1.187428723,?,2.106385536,?,60,5
?,4.862136555,65,-1.427280125,1,?,7,60,5
-1.082660183,3.317727691,58,-1.518741688,?,?,6,0,1
?,3.393676134,?,-1.354021379,0,-1.34520133,6,0,1
1.114559033,3.28255864,59,-1.670850773,?,-1.3852089,?,0,3
1.239185828,3.672018269,?,-0.752184402,0,1.539789458,?,15,3
2.828261199,?,72,-1.21453962,0,1.803716231,9,?,4
-0.62091438,2.853714282,50,-1.59116935,0,?,6,?,1
1.189110292,4.228519767,?,2.320945776,0,-1.251171376,?,15,4
2.37815124,?,61,1.3835679,?,-1.56657747,7,15,5
-0.440812052,3.582213168,70,1.037371318,?,?,7,30,2
0.641681519,3.14567647,60,-1.620968166,0,?,9,?,3
0.633925019,3.616218957,?,1.586560555,0,-1.415100697,6,?,2
3.136754522,3.563338113,64,-1.309142572,1,?,7,?,5
0.963433281,?,67,0.216876006,0,?,7,80,3
-1.301466519,3.181053829,?,-1.199837081,?,-1.382689959,6,0,2
1.639641973,3.798732912,60,?,0,0.855471631,?,30,5
-0.951657133,3.54451558,58,?,?,-1.491264958,6,0,1
-0.969385763,3.330455373,58,?,0,-1.512986955,6,?,1
?,3.405337994,65,-1.28656473,?,-1.185318321,6,0,2
-0.563237828,2.613684783,?,-1.449084667,0,-1.481087227,7,20,1
0.651243102,?,62,1.723294311,0,-0.405389894,6,?,3
0.996189509,4.078865206,68,-1.286202464,?,-1.456179463,7,?,4
2.247699761,4.023480387,72,?,0,?,7,10,4
-0.327086441,3.525533512,70,?,0,-0.523280365,7,30,2
1.111177096,3.12910522,67,?,0,0.151371309,?,80,3
1.36862591,3.047520902,66,0.485307635,0,?,7,?,5
2.267245443,3.954020642,68,1.700653569,0,1.25511735,?,?,4
1.624307959,4.233841573,64,?,0,-1.460908416,?,0,4
-1.082614596,?,50,-1.531471947,0,-1.352455884,6,?,2
3.003479352,3.855588634,69,?,1,1.778047692,7,?,4
1.298434808,3.026320789,71,1.520793091,0,-1.481157595,?,?,3
2.221851735,?,68,1.664313169,0,1.21712158,7,?,4
?,2.780035052,50,-1.449663892,0,?,6,0,1
3.217420041,3.921990395,?,?,0,-1.42212707,6,0,5
3.336449576,3.470730215,64,-1.405340357,1,2.201343973,?,?,5
0.956049697,2.947864869,56,?,0,-0.371870078,?,5,3
2.527021199,3.759579289,61,1.370751539,?,?,7,15,5
3.728989659,3.991341534,?,?,1,2.192623164,7,40,6
2.70100421,?,69,-1.415985387,1,2.464824105,7,70,4
1.818846666,3.413730394,61,?,0,-1.307099338,7,?,4
?,3.886952189,62,1.515930903,?,-0.535788239,6,0,3
1.78679748,3.320170422,62,-1.55039671,1,0.340628213,?,?,5
?,?,65,-1.385516373,0,-1.442838473,6,0,2
1.538901856,3.517359737,?,1.735795448,0,0.580139155,?,30,5
2.364585596,3.408965597,?,0.448095035,0,2.345806666,?,60,5
?,3.667472952,65,-1.246556322,0,-1.424705419,?,0,2
0.357573104,3.64008534,65,-1.468098161,?,-1.472317631,6,0,2
2.884523403,3.780209947,68,-1.207395316,1,?,?,60,5
3.837881727,3.860138628,44,-1.33163892,1,2.195663272,?,?,6
?,4.002798383,68,1.372187281,1,1.904968993,?,35,3
-0.467261706,3.503011889,70,1.286398622,?,-0.586166795,?,30,2
1.129173109,4.874666862,72,2.449099535,?,?,7,5,4
0.293677165,4.569394427,73,2.322637699,0,?,?,0,4
0.688205462,3.860198496,62,?,0,-0.533359503,?,0,3
2.841121069,3.367409104,?,-1.476040018,0,?,9,95,4
0.056211924,3.075093213,?,-1.480803696,0,?,6,0,3
1.614573095,3.724185325,?,0.880580344,?,0.888914342,7,75,5
1.591724655,2.799688464,63,-1.446276395,0,-0.565010954,7,?,2
1.638301306,?,67,-1.39794123,0,-1.320631211,7,?,2
1.085625256,3.508450178,59,-1.358254004,0,-1.220563786,?,?,3
1.251805348,2.992902006,71,?,0,?,6,0,3
-0.546484654,3.535729922,70,1.224620798,0,-0.573561779,?,?,2
3.125917333,3.245429971,68,-0.142997786,?,2.540562226,7,?,4
2.566080318,3.567651314,?,?,1,2.414309121,7,70,4
1.783414232,?,?,0.411349173,0,1.234719984,7,60,3
1.633291266,4.130596422,?,1.938253526,?,-1.38920108,6,0,4
?,4.13807089,65,2.107206276,0,?,6,0,3